z_mean,z_stddev,xy_e_mean,xy_e_stddev,z_e_mean,z_e_stddev,t_mean,t_stddev,z_kurt,corr_z_xy_e,corr_z_e_xy_e,mcr_z,mcr_t,zcr_z,z_peak_mean,z_peak_stddev,z_peak_d_mean,z_peak_d_stddev,angle_mean,angle_stddev,z_freq_m_0.00,z_freq_m_1.25,z_freq_m_2.50,z_freq_m_3.75,z_freq_e_0.00,z_freq_e_1.25,z_freq_e_2.50,z_freq_e_3.75,z_freq_p1,z_freq_p2,z_freq_p3,z_freq_p4,xy_e_freq_m_0.00,xy_e_freq_m_1.25,xy_e_freq_m_2.50,xy_e_freq_m_3.75,xy_e_freq_e_0.00,xy_e_freq_e_1.25,xy_e_freq_e_2.50,xy_e_freq_e_3.75,xy_e_freq_p1,xy_e_freq_p2,xy_e_freq_p3,xy_e_freq_p4,t_freq_m_0.00,t_freq_m_1.25,t_freq_m_2.50,t_freq_m_3.75,t_freq_e_0.00,t_freq_e_1.25,t_freq_e_2.50,t_freq_e_3.75,t_freq_p1,t_freq_p2,t_freq_p3,t_freq_p4,z_dwt_ar_-0,z_dwt_ar_-1,z_dwt_ar_-2,z_dwt_ar_-3,z_dwt_ar_-4,z_dwt_ar_-5,z_dwt_ar_-6,z_dwt_ar_-7,z_dwt_ar_-8,z_dwt_ar_-9,z_dwt_norm_-0,z_dwt_norm_-1,z_dwt_norm_-2,z_dwt_norm_-3,z_dwt_norm_-4,z_dwt_norm_-5,z_dwt_norm_-6,z_dwt_norm_-7,z_dwt_norm_-8,z_dwt_norm_-9,z_dwt_avg_-0,z_dwt_avg_-1,z_dwt_avg_-2,z_dwt_avg_-3,z_dwt_avg_-4,z_dwt_avg_-5,z_dwt_avg_-6,z_dwt_avg_-7,z_dwt_avg_-8,z_dwt_avg_-9,label
0.001524402972275647,0.22496185514539624,0.0026546555711251993,0.0026894846179019486,0.050357120893527826,0.05477054595358439,0.19462512005050986,0.12332430225878326,-0.8316629093863694,0.2313814454645516,-0.08759314194817225,1,4,1,0.0,0.0,0.0,0.0,0.0011543711055970816,7.686809560372295E-4,0.271880425436837,0.013835106627774246,0.006917567951225361,0.003925046992432828,0.992933524443279,0.00517537489912744,0.001704690256096855,1.8641040149674319E-4,0.75,2.0,0.0,0.0,0.0053093111422503995,0.0015068584952344561,0.0015068584952344561,7.626912677302933E-4,0.6806362550883397,0.13787036130109892,0.13861349800658598,0.04287988560397546,0.75,3.0,4.5,5.75,0.38925024010101966,0.018340866827308663,0.008102425083305095,0.007076714121268717,0.9941675855870455,0.00428817223484989,0.001124763602924618,4.194785751800725E-4,0.75,0.0,0.0,0.0,0.028538540177858875,0.6041432324752266,0.8376765867858278,0.9529949560237974,0.9885382738099785,0.9972067802631503,0.9994370051171863,0.9999999999999998,0.0,0.0,0.028538540177858875,0.5756046922973678,0.23353335431060113,0.11531836923796965,0.0355433177861812,0.00866850645317177,0.00223022485403599,5.629948828135606E-4,0.0,0.0,0.5192416212420252,2.331931468263715,0.14726567996043605,0.05795725233997853,0.03925202142112072,0.008224425693779309,0.0029574597285805908,0.0010490553538695024,0.0,0.0,LiftAU
